L2X1625Y2089_1X1648Y2161,L2X1625Y2089,1X1648Y2161
L2X1625Y2089_3X1628Y2142,L2X1625Y2089,3X1628Y2142
L1X1637Y2116_2X1628Y2102,L1X1637Y2116,2X1628Y2102
1X1648Y2161_2X1628Y2102,1X1648Y2161,2X1628Y2102
2X1628Y2102_3X1628Y2142,2X1628Y2102,3X1628Y2142
L2X1630Y2742_2X1532Y2777,L2X1630Y2742,2X1532Y2777
1X1534Y2777_2X1532Y2777,1X1534Y2777,2X1532Y2777
2X1532Y2777_3X1539Y2773,2X1532Y2777,3X1539Y2773
L2X1625Y2089_2X1628Y2102,L2X1625Y2089,2X1628Y2102
L1X1637Y2116_1X1648Y2161,L1X1637Y2116,1X1648Y2161
L1X1637Y2116_3X1628Y2142,L1X1637Y2116,3X1628Y2142
1X1648Y2161_3X1628Y2142,1X1648Y2161,3X1628Y2142
L2X1630Y2742_1X1534Y2777,L2X1630Y2742,1X1534Y2777
L2X1630Y2742_3X1539Y2773,L2X1630Y2742,3X1539Y2773
1X1534Y2777_3X1539Y2773,1X1534Y2777,3X1539Y2773
2X3360Y860_2X3425Y870,2X3360Y860,2X3425Y870
2X1590Y2745_2X1590Y2604,2X1590Y2745,2X1590Y2604
2X1395Y2674_2X1398Y2745,2X1395Y2674,2X1398Y2745
1X1605Y2568_1X1642Y2596,1X1605Y2568,1X1642Y2596
3X1552Y2854_3X1580Y2858,3X1552Y2854,3X1580Y2858
2X1590Y2604_2X1591Y2560,2X1590Y2604,2X1591Y2560
2X1683Y2543_2X1591Y2560,2X1683Y2543,2X1591Y2560
3X1671Y2695_3X1650Y2732,3X1671Y2695,3X1650Y2732
3X1611Y2678_3X1600Y2732,3X1611Y2678,3X1600Y2732
1X1605Y2568_1X1608Y2596,1X1605Y2568,1X1608Y2596
L2X1698Y2776_L2X1696Y2788,L2X1698Y2776,L2X1696Y2788
1X1638Y2553_1X1581Y2566,1X1638Y2553,1X1581Y2566
3X1539Y2773_3X1534Y2732,3X1539Y2773,3X1534Y2732
L2X1698Y2687_L2X1667Y2682,L2X1698Y2687,L2X1667Y2682
1X1556Y2604_1X1581Y2566,1X1556Y2604,1X1581Y2566
1X1420Y2737_1X1532Y2739,1X1420Y2737,1X1532Y2739
3X1648Y2968_3X1650Y2855,3X1648Y2968,3X1650Y2855
1X1678Y2865_1X1720Y2847,1X1678Y2865,1X1720Y2847
1X1017Y2865_1X1420Y2865,1X1017Y2865,1X1420Y2865
L2X1681Y2747_L2X1698Y2776,L2X1681Y2747,L2X1698Y2776
1X1420Y2865_1X1420Y2737,1X1420Y2865,1X1420Y2737
2X1650Y2602_1X1642Y2596,2X1650Y2602,1X1642Y2596
1X1401Y2628_1X1420Y2737,1X1401Y2628,1X1420Y2737
1X1608Y2737_1X1608Y2596,1X1608Y2737,1X1608Y2596
3X1580Y2858_3X1650Y2855,3X1580Y2858,3X1650Y2855
1X1581Y2566_1X1605Y2568,1X1581Y2566,1X1605Y2568
2X1580Y2538_2X1591Y2560,2X1580Y2538,2X1591Y2560
1X1642Y2596_1X1608Y2596,1X1642Y2596,1X1608Y2596
2X1398Y2745_2X1528Y2745,2X1398Y2745,2X1528Y2745
1X1642Y2596_1X1638Y2553,1X1642Y2596,1X1638Y2553
2X1650Y2602_2X1590Y2604,2X1650Y2602,2X1590Y2604
3X1650Y2855_3X1650Y2766,3X1650Y2855,3X1650Y2766
1X1605Y2568_1X1638Y2553,1X1605Y2568,1X1638Y2553
3X1650Y2766_3X1650Y2732,3X1650Y2766,3X1650Y2732
3X1650Y2732_3X1600Y2732,3X1650Y2732,3X1600Y2732
L2X1701Y2734_L2X1698Y2687,L2X1701Y2734,L2X1698Y2687
3X1600Y2732_3X1534Y2732,3X1600Y2732,3X1534Y2732
L2X1698Y2776_L2X1701Y2734,L2X1698Y2776,L2X1701Y2734
L2X1698Y2776_L2X1627Y2782,L2X1698Y2776,L2X1627Y2782
1X1608Y2596_1X1581Y2566,1X1608Y2596,1X1581Y2566
1X1619Y2522_1X1638Y2553,1X1619Y2522,1X1638Y2553
1X1534Y2777_1X1532Y2739,1X1534Y2777,1X1532Y2739
L2X1627Y2782_L2X1630Y2742,L2X1627Y2782,L2X1630Y2742
1X1017Y2865_1X986Y2852,1X1017Y2865,1X986Y2852
1X1532Y2739_1X1608Y2737,1X1532Y2739,1X1608Y2737
1X1678Y2865_1X1420Y2865,1X1678Y2865,1X1420Y2865
1X1420Y2737_1X1608Y2737,1X1420Y2737,1X1608Y2737
1X1608Y2596_1X1638Y2553,1X1608Y2596,1X1638Y2553
2X1532Y2777_2X1528Y2745,2X1532Y2777,2X1528Y2745
2X1528Y2745_2X1590Y2745,2X1528Y2745,2X1590Y2745
2X1683Y2543_2X1690Y2455,2X1683Y2543,2X1690Y2455
2X2105Y900_2X2177Y902,2X2105Y900,2X2177Y902
2X2761Y1067_2X2725Y1065,2X2761Y1067,2X2725Y1065
2X3257Y879_2X3235Y880,2X3257Y879,2X3235Y880
2X3136Y963_2X3075Y960,2X3136Y963,2X3075Y960
2X2177Y902_2X2238Y902,2X2177Y902,2X2238Y902
2X2238Y902_2X2279Y902,2X2238Y902,2X2279Y902
2X2279Y902_2X2385Y902,2X2279Y902,2X2385Y902
2X2385Y902_2X2439Y902,2X2385Y902,2X2439Y902
2X2439Y902_2X2605Y902,2X2439Y902,2X2605Y902
2X2605Y902_2X2672Y902,2X2605Y902,2X2672Y902
2X2672Y902_2X2713Y902,2X2672Y902,2X2713Y902
2X2912Y903_2X2945Y902,2X2912Y903,2X2945Y902
2X2945Y902_2X3135Y890,2X2945Y902,2X3135Y890
2X3135Y890_2X3155Y890,2X3135Y890,2X3155Y890
2X3155Y890_2X3217Y886,2X3155Y890,2X3217Y886
2X3296Y880_2X3345Y865,2X3296Y880,2X3345Y865
2X2238Y902_2X2238Y932,2X2238Y902,2X2238Y932
2X2238Y932_2X2240Y965,2X2238Y932,2X2240Y965
2X2246Y1280_2X2246Y1350,2X2246Y1280,2X2246Y1350
2X2246Y1280_2X2225Y1280,2X2246Y1280,2X2225Y1280
2X2225Y1280_2X2190Y1280,2X2225Y1280,2X2190Y1280
2X2190Y1280_2X2105Y1280,2X2190Y1280,2X2105Y1280
2X2246Y1280_2X2554Y1280,2X2246Y1280,2X2554Y1280
2X2554Y1280_2X2554Y1316,2X2554Y1280,2X2554Y1316
2X2554Y1316_2X2554Y1389,2X2554Y1316,2X2554Y1389
2X2554Y1389_2X2554Y1472,2X2554Y1389,2X2554Y1472
2X2605Y902_2X2605Y841,2X2605Y902,2X2605Y841
2X2605Y841_2X2605Y783,2X2605Y841,2X2605Y783
2X2605Y783_2X2554Y783,2X2605Y783,2X2554Y783
2X2672Y902_2X2672Y820,2X2672Y902,2X2672Y820
2X2713Y902_2X2721Y750,2X2713Y902,2X2721Y750
2X2945Y902_2X2945Y840,2X2945Y902,2X2945Y840
2X2912Y903_2X2912Y963,2X2912Y903,2X2912Y963
2X2605Y902_2X2610Y953,2X2605Y902,2X2610Y953
2X2610Y953_2X2623Y1018,2X2610Y953,2X2623Y1018
2X2900Y985_2X2912Y963,2X2900Y985,2X2912Y963
2X2782Y1165_2X2811Y1165,2X2782Y1165,2X2811Y1165
2X2841Y1032_2X2853Y1067,2X2841Y1032,2X2853Y1067
2X2912Y963_2X2962Y963,2X2912Y963,2X2962Y963
2X2962Y963_2X2945Y995,2X2962Y963,2X2945Y995
2X3136Y963_2X3163Y945,2X3136Y963,2X3163Y945
2X3163Y945_2X3296Y945,2X3163Y945,2X3296Y945
2X3296Y1043_2X3063Y1043,2X3296Y1043,2X3063Y1043
2X3296Y945_2X3296Y880,2X3296Y945,2X3296Y880
2X2279Y902_2X2279Y827,2X2279Y902,2X2279Y827
2X2279Y827_2X2279Y786,2X2279Y827,2X2279Y786
2X2945Y902_2X2945Y870,2X2945Y902,2X2945Y870
2X2945Y840_2X2945Y870,2X2945Y840,2X2945Y870
2X2238Y1028_2X2166Y1028,2X2238Y1028,2X2166Y1028
2X2177Y1010_2X2166Y1028,2X2177Y1010,2X2166Y1028
2X2166Y1039_2X2166Y1028,2X2166Y1039,2X2166Y1028
2X2150Y1025_2X2166Y1028,2X2150Y1025,2X2166Y1028
2X2238Y1028_2X2240Y965,2X2238Y1028,2X2240Y965
2X2246Y1028_2X2238Y1028,2X2246Y1028,2X2238Y1028
2X2246Y1028_2X2246Y1280,2X2246Y1028,2X2246Y1280
2X2554Y1280_2X2782Y1280,2X2554Y1280,2X2782Y1280
2X2678Y1032_2X2623Y1018,2X2678Y1032,2X2623Y1018
2X2678Y1032_2X2761Y1032,2X2678Y1032,2X2761Y1032
2X2761Y1032_2X2841Y1032,2X2761Y1032,2X2841Y1032
2X2900Y985_2X2841Y1032,2X2900Y985,2X2841Y1032
2X2260Y786_2X2279Y786,2X2260Y786,2X2279Y786
2X2279Y762_2X2279Y786,2X2279Y762,2X2279Y786
2X2322Y641_2X2279Y762,2X2322Y641,2X2279Y762
2X2330Y590_2X2322Y641,2X2330Y590,2X2322Y641
2X2912Y903_2X2713Y902,2X2912Y903,2X2713Y902
2X3135Y890_2X3136Y963,2X3135Y890,2X3136Y963
2X3257Y879_2X3296Y880,2X3257Y879,2X3296Y880
2X2385Y902_2X2385Y800,2X2385Y902,2X2385Y800
2X2385Y753_2X2385Y800,2X2385Y753,2X2385Y800
2X2678Y1032_2X2678Y1067,2X2678Y1032,2X2678Y1067
2X2678Y1067_2X2725Y1065,2X2678Y1067,2X2725Y1065
2X2761Y1032_2X2761Y1067,2X2761Y1032,2X2761Y1067
2X2761Y1067_2X2782Y1067,2X2761Y1067,2X2782Y1067
2X2782Y1067_2X2782Y1091,2X2782Y1067,2X2782Y1091
2X2782Y1152_2X2782Y1091,2X2782Y1152,2X2782Y1091
2X2782Y1165_2X2782Y1152,2X2782Y1165,2X2782Y1152
2X3296Y945_2X3296Y1043,2X3296Y945,2X3296Y1043
2X3217Y886_2X3235Y880,2X3217Y886,2X3235Y880
2X2945Y840_2X2945Y775,2X2945Y840,2X2945Y775
2X2945Y775_2X2945Y710,2X2945Y775,2X2945Y710
2X2962Y963_2X3063Y963,2X2962Y963,2X3063Y963
2X3063Y963_2X3063Y1043,2X3063Y963,2X3063Y1043
2X3063Y963_2X3075Y960,2X3063Y963,2X3075Y960
2X3063Y963_2X3136Y963,2X3063Y963,2X3136Y963
2X3217Y886_2X3257Y879,2X3217Y886,2X3257Y879
2X2385Y902_2X2385Y753,2X2385Y902,2X2385Y753
2X2782Y1165_2X2782Y1280,2X2782Y1165,2X2782Y1280
2X2238Y932_2X2238Y1028,2X2238Y932,2X2238Y1028
2X2782Y1303_2X2782Y1280,2X2782Y1303,2X2782Y1280
2X2678Y1067_2X2761Y1067,2X2678Y1067,2X2761Y1067
2X2554Y1316_1X2605Y1340,2X2554Y1316,1X2605Y1340
2X2811Y1165_1X2790Y1155,2X2811Y1165,1X2790Y1155
L1X2665Y1043_L1X2715Y1070,L1X2665Y1043,L1X2715Y1070
L1X2445Y1245_L1X2445Y1043,L1X2445Y1245,L1X2445Y1043
L1X1980Y844_L1X1845Y844,L1X1980Y844,L1X1845Y844
L1X1845Y844_L1X1845Y924,L1X1845Y844,L1X1845Y924
L1X2310Y1043_L1X2445Y1043,L1X2310Y1043,L1X2445Y1043
L1X1732Y924_L1X1732Y1019,L1X1732Y924,L1X1732Y1019
L2X2360Y854_L2X2360Y804,L2X2360Y854,L2X2360Y804
L1X2445Y1043_L1X2490Y1043,L1X2445Y1043,L1X2490Y1043
L2X2270Y904_L2X2300Y884,L2X2270Y904,L2X2300Y884
L1X2445Y1284_L1X2445Y1245,L1X2445Y1284,L1X2445Y1245
L1X2445Y1284_L1X2320Y1284,L1X2445Y1284,L1X2320Y1284
L2X2215Y904_L2X2270Y904,L2X2215Y904,L2X2270Y904
L2X2215Y904_L2X2215Y974,L2X2215Y904,L2X2215Y974
L1X2770Y1070_L1X2770Y1160,L1X2770Y1070,L1X2770Y1160
L2X2130Y904_L2X2215Y904,L2X2130Y904,L2X2215Y904
L1X1750Y1284_L1X1820Y1284,L1X1750Y1284,L1X1820Y1284
L2X1745Y1280_L2X1745Y1009,L2X1745Y1280,L2X1745Y1009
L2X1745Y1280_L2X1820Y1280,L2X1745Y1280,L2X1820Y1280
L1X2130Y1284_L1X2130Y1045,L1X2130Y1284,L1X2130Y1045
L2X1745Y1009_L2X1730Y1009,L2X1745Y1009,L2X1730Y1009
L1X2130Y1045_L1X2215Y1045,L1X2130Y1045,L1X2215Y1045
L2X1730Y1009_L2X1730Y924,L2X1730Y1009,L2X1730Y924
L1X2215Y1045_L1X2310Y1043,L1X2215Y1045,L1X2310Y1043
L1X2215Y1045_L1X2220Y974,L1X2215Y1045,L1X2220Y974
L2X1730Y924_L2X1730Y849,L2X1730Y924,L2X1730Y849
L2X1730Y924_L2X1785Y924,L2X1730Y924,L2X1785Y924
L1X2220Y904_L1X2265Y904,L1X2220Y904,L1X2265Y904
L1X2220Y904_L1X2185Y904,L1X2220Y904,L1X2185Y904
L2X1730Y849_L2X2130Y849,L2X1730Y849,L2X2130Y849
L1X2265Y904_L1X2300Y879,L1X2265Y904,L1X2300Y879
L2X2130Y849_L2X2130Y904,L2X2130Y849,L2X2130Y904
L1X2360Y849_L1X2360Y799,L1X2360Y849,L1X2360Y799
L1X2130Y904_L1X2130Y844,L1X2130Y904,L1X2130Y844
L1X2130Y844_L1X1980Y844,L1X2130Y844,L1X1980Y844
L1X1845Y924_L1X1785Y924,L1X1845Y924,L1X1785Y924
L1X2300Y849_L1X2255Y849,L1X2300Y849,L1X2255Y849
L1X2300Y849_L1X2360Y849,L1X2300Y849,L1X2360Y849
L1X1965Y1284_L1X2065Y1284,L1X1965Y1284,L1X2065Y1284
L2X2300Y854_L2X2360Y854,L2X2300Y854,L2X2360Y854
L1X1750Y1090_L1X1750Y1284,L1X1750Y1090,L1X1750Y1284
L1X1750Y1090_L1X1732Y1019,L1X1750Y1090,L1X1732Y1019
L2X2215Y1280_L2X2215Y974,L2X2215Y1280,L2X2215Y974
L1X2290Y1284_L1X2130Y1284,L1X2290Y1284,L1X2130Y1284
L1X2320Y1284_L1X2290Y1284,L1X2320Y1284,L1X2290Y1284
L1X2770Y1284_L1X2445Y1284,L1X2770Y1284,L1X2445Y1284
L2X2300Y884_L2X2300Y854,L2X2300Y884,L2X2300Y854
L1X2065Y1284_L1X2130Y1284,L1X2065Y1284,L1X2130Y1284
L2X1930Y1280_L2X2015Y1280,L2X1930Y1280,L2X2015Y1280
L1X2300Y879_L1X2300Y849,L1X2300Y879,L1X2300Y849
L1X2770Y1160_L1X2770Y1284,L1X2770Y1160,L1X2770Y1284
L1X2185Y904_L1X2130Y904,L1X2185Y904,L1X2130Y904
L1X2490Y1043_L1X2665Y1043,L1X2490Y1043,L1X2665Y1043
L2X2015Y1280_L2X2215Y1280,L2X2015Y1280,L2X2215Y1280
L1X2715Y1070_L1X2770Y1070,L1X2715Y1070,L1X2770Y1070
L1X2220Y974_L1X2220Y904,L1X2220Y974,L1X2220Y904
L1X1785Y924_L1X1732Y924,L1X1785Y924,L1X1732Y924
L1X1820Y1284_L1X1965Y1284,L1X1820Y1284,L1X1965Y1284
L2X1820Y1280_L2X1930Y1280,L2X1820Y1280,L2X1930Y1280
L2X1745Y1524_L2X1745Y1280,L2X1745Y1524,L2X1745Y1280
2X4770Y1140_2X4750Y1080,2X4770Y1140,2X4750Y1080
2X4750Y1080_2X4725Y995,2X4750Y1080,2X4725Y995
2X4725Y995_2X4785Y975,2X4725Y995,2X4785Y975
2X4725Y995_2X4705Y925,2X4725Y995,2X4705Y925
2X4705Y925_2X4690Y870,2X4705Y925,2X4690Y870
2X4690Y870_2X4675Y820,2X4690Y870,2X4675Y820
2X4675Y820_2X4660Y770,2X4675Y820,2X4660Y770
2X4660Y770_2X4635Y680,2X4660Y770,2X4635Y680
2X4635Y680_2X4625Y650,2X4635Y680,2X4625Y650
2X4625Y650_2X4605Y655,2X4625Y650,2X4605Y655
2X4605Y655_2X4570Y555,2X4605Y655,2X4570Y555
2X4570Y555_2X4545Y460,2X4570Y555,2X4545Y460
2X4545Y460_2X4570Y455,2X4545Y460,2X4570Y455
2X4635Y680_2X4650Y675,2X4635Y680,2X4650Y675
2X4570Y555_2X4595Y550,2X4570Y555,2X4595Y550
2X4570Y455_2X4550Y375,2X4570Y455,2X4550Y375
2X4570Y555_2X4480Y580,2X4570Y555,2X4480Y580
2X4480Y580_2X4390Y605,2X4480Y580,2X4390Y605
2X4390Y605_2X4385Y585,2X4390Y605,2X4385Y585
2X4390Y605_2X4340Y625,2X4390Y605,2X4340Y625
2X4340Y625_2X4330Y580,2X4340Y625,2X4330Y580
2X4330Y580_2X4310Y585,2X4330Y580,2X4310Y585
2X4310Y585_2X4295Y530,2X4310Y585,2X4295Y530
2X4295Y530_2X4280Y475,2X4295Y530,2X4280Y475
2X4280Y475_2X4270Y440,2X4280Y475,2X4270Y440
2X4270Y440_2X4280Y435,2X4270Y440,2X4280Y435
2X4280Y435_2X4295Y475,2X4280Y435,2X4295Y475
2X4280Y475_2X4270Y480,2X4280Y475,2X4270Y480
2X4270Y440_2X4250Y440,2X4270Y440,2X4250Y440
2X4340Y625_2X4270Y650,2X4340Y625,2X4270Y650
2X4270Y650_2X4285Y715,2X4270Y650,2X4285Y715
2X4285Y715_2X4295Y750,2X4285Y715,2X4295Y750
2X4285Y715_2X4330Y700,2X4285Y715,2X4330Y700
2X4285Y715_2X4240Y730,2X4285Y715,2X4240Y730
2X4270Y650_2X4220Y660,2X4270Y650,2X4220Y660
2X4220Y660_2X4185Y665,2X4220Y660,2X4185Y665
2X4185Y665_2X4140Y680,2X4185Y665,2X4140Y680
2X4140Y680_2X4130Y650,2X4140Y680,2X4130Y650
2X4220Y660_2X4210Y630,2X4220Y660,2X4210Y630
2X4185Y665_2X4175Y620,2X4185Y665,2X4175Y620
2X4130Y650_2X4155Y650,2X4130Y650,2X4155Y650
2X4130Y650_2X4125Y625,2X4130Y650,2X4125Y625
2X4140Y680_2X4020Y715,2X4140Y680,2X4020Y715
2X4020Y715_2X4000Y645,2X4020Y715,2X4000Y645
2X4000Y645_2X4065Y630,2X4000Y645,2X4065Y630
2X4020Y715_2X3925Y740,2X4020Y715,2X3925Y740
2X3925Y740_2X3945Y790,2X3925Y740,2X3945Y790
2X3945Y790_2X3955Y830,2X3945Y790,2X3955Y830
2X3955Y830_2X3965Y860,2X3955Y830,2X3965Y860
2X3965Y860_2X3970Y880,2X3965Y860,2X3970Y880
2X3970Y880_2X3980Y910,2X3970Y880,2X3980Y910
2X3965Y860_2X3950Y865,2X3965Y860,2X3950Y865
2X3970Y880_2X3955Y885,2X3970Y880,2X3955Y885
2X3925Y740_2X3910Y685,2X3925Y740,2X3910Y685
2X3910Y685_2X3895Y695,2X3910Y685,2X3895Y695
2X3910Y685_2X3900Y640,2X3910Y685,2X3900Y640
2X3900Y640_2X3875Y560,2X3900Y640,2X3875Y560
2X3875Y560_2X3870Y540,2X3875Y560,2X3870Y540
2X3875Y560_2X3855Y565,2X3875Y560,2X3855Y565
2X3925Y740_2X3865Y750,2X3925Y740,2X3865Y750
2X3865Y750_2X3860Y725,2X3865Y750,2X3860Y725
2X3860Y725_2X3775Y745,2X3860Y725,2X3775Y745
2X3865Y750_2X3825Y760,2X3865Y750,2X3825Y760
2X3825Y760_2X3830Y775,2X3825Y760,2X3830Y775
2X3825Y760_2X3745Y780,2X3825Y760,2X3745Y780
2X3745Y780_2X3655Y805,2X3745Y780,2X3655Y805
2X3655Y805_2X3645Y775,2X3655Y805,2X3645Y775
2X3655Y805_2X3630Y810,2X3655Y805,2X3630Y810
2X3630Y810_2X3635Y830,2X3630Y810,2X3635Y830
2X3630Y810_2X3575Y825,2X3630Y810,2X3575Y825
2X3575Y825_2X3555Y730,2X3575Y825,2X3555Y730
2X3555Y730_2X3535Y645,2X3555Y730,2X3535Y645
2X3575Y825_2X3525Y840,2X3575Y825,2X3525Y840
2X3525Y840_2X3525Y850,2X3525Y840,2X3525Y850
2X3525Y840_2X3490Y845,2X3525Y840,2X3490Y845
2X3490Y845_2X3490Y825,2X3490Y845,2X3490Y825
2X3490Y845_2X3450Y850,2X3490Y845,2X3450Y850
2X3450Y850_2X3440Y800,2X3450Y850,2X3440Y800
2X3450Y850_2X3420Y850,2X3450Y850,2X3420Y850
2X3440Y800_2X3480Y790,2X3440Y800,2X3480Y790
2X3480Y790_2X3510Y790,2X3480Y790,2X3510Y790
2X3480Y790_2X3475Y760,2X3480Y790,2X3475Y760
2X3420Y850_2X3425Y870,2X3420Y850,2X3425Y870
2X4300Y630_2X4270Y650,2X4300Y630,2X4270Y650
1X2175Y910_1X2190Y910,1X2175Y910,1X2190Y910
1X2190Y910_1X2240Y910,1X2190Y910,1X2240Y910
1X2240Y910_1X2240Y985,1X2240Y910,1X2240Y985
1X2240Y910_1X2275Y910,1X2240Y910,1X2275Y910
1X2275Y910_1X2275Y830,1X2275Y910,1X2275Y830
1X2275Y830_1X2275Y785,1X2275Y830,1X2275Y785
1X2275Y910_1X2290Y910,1X2275Y910,1X2290Y910
1X2290Y910_1X2385Y910,1X2290Y910,1X2385Y910
1X2385Y910_1X2385Y860,1X2385Y910,1X2385Y860
1X2385Y860_1X2335Y860,1X2385Y860,1X2335Y860
1X2385Y860_1X2385Y810,1X2385Y860,1X2385Y810
1X2385Y910_1X2460Y910,1X2385Y910,1X2460Y910
1X2460Y910_1X2460Y850,1X2460Y910,1X2460Y850
1X2460Y910_1X2585Y910,1X2460Y910,1X2585Y910
1X2585Y910_1X2585Y890,1X2585Y910,1X2585Y890
1X2585Y910_1X2610Y910,1X2585Y910,1X2610Y910
1X2610Y910_1X2610Y954,1X2610Y910,1X2610Y954
1X2610Y954_1X2660Y954,1X2610Y954,1X2660Y954
1X2660Y954_1X2660Y979,1X2660Y954,1X2660Y979
1X2610Y910_1X2675Y910,1X2610Y910,1X2675Y910
1X2675Y910_1X2910Y910,1X2675Y910,1X2910Y910
1X2910Y910_1X2910Y890,1X2910Y910,1X2910Y890
1X2910Y910_1X2925Y910,1X2910Y910,1X2925Y910
1X2925Y910_1X2935Y900,1X2925Y910,1X2935Y900
1X2935Y900_1X2960Y900,1X2935Y900,1X2960Y900
1X2960Y900_1X2950Y745,1X2960Y900,1X2950Y745
1X2950Y745_1X2950Y730,1X2950Y745,1X2950Y730
1X2950Y730_1X2950Y705,1X2950Y730,1X2950Y705
1X2950Y745_1X3050Y730,1X2950Y745,1X3050Y730
1X2960Y900_1X3100Y890,1X2960Y900,1X3100Y890
1X3100Y890_1X3200Y880,1X3100Y890,1X3200Y880
1X3200Y880_1X3230Y880,1X3200Y880,1X3230Y880
1X3230Y880_1X3270Y875,1X3230Y880,1X3270Y875
1X3270Y875_1X3265Y830,1X3270Y875,1X3265Y830
1X3270Y875_1X3325Y870,1X3270Y875,1X3325Y870
1X2660Y979_1X2770Y980,1X2660Y979,1X2770Y980
1X2770Y980_1X2925Y980,1X2770Y980,1X2925Y980
1X2925Y910_1X2925Y980,1X2925Y910,1X2925Y980
1X2925Y980_1X2985Y980,1X2925Y980,1X2985Y980
1X2985Y980_1X3050Y980,1X2985Y980,1X3050Y980
1X3050Y980_1X3085Y980,1X3050Y980,1X3085Y980
1X3085Y980_1X3085Y1000,1X3085Y980,1X3085Y1000
1X2925Y980_1X2925Y1050,1X2925Y980,1X2925Y1050
1X2770Y980_1X2770Y1070,1X2770Y980,1X2770Y1070
1X2770Y1070_1X2735Y1070,1X2770Y1070,1X2735Y1070
1X2770Y1070_1X2790Y1070,1X2770Y1070,1X2790Y1070
1X2790Y1070_1X2790Y1155,1X2790Y1070,1X2790Y1155
1X2790Y1155_1X2790Y1190,1X2790Y1155,1X2790Y1190
1X2790Y1190_1X2790Y1290,1X2790Y1190,1X2790Y1290
1X2790Y1290_1X2790Y1380,1X2790Y1290,1X2790Y1380
1X2790Y1380_1X2790Y1460,1X2790Y1380,1X2790Y1460
1X2790Y1380_1X2670Y1380,1X2790Y1380,1X2670Y1380
1X2670Y1380_1X2605Y1380,1X2670Y1380,1X2605Y1380
1X2605Y1380_1X2605Y1340,1X2605Y1380,1X2605Y1340
1X2790Y1460_1X2835Y1460,1X2790Y1460,1X2835Y1460
1X2790Y1460_1X2760Y1460,1X2790Y1460,1X2760Y1460
1X2760Y1460_1X2760Y1405,1X2760Y1460,1X2760Y1405
1X2055Y910_1X2160Y910,1X2055Y910,1X2160Y910
1X2055Y910_1X2026Y910,1X2055Y910,1X2026Y910
1X2026Y910_1X2026Y892,1X2026Y910,1X2026Y892
1X2017Y910_1X2017Y799,1X2017Y910,1X2017Y799
1X2026Y910_1X2017Y910,1X2026Y910,1X2017Y910
1X2017Y910_1X1973Y910,1X2017Y910,1X1973Y910
1X1973Y844_1X1973Y910,1X1973Y844,1X1973Y910
1X1973Y910_1X1950Y910,1X1973Y910,1X1950Y910
1X1950Y910_1X1950Y871,1X1950Y910,1X1950Y871
1X1869Y930_1X1950Y910,1X1869Y930,1X1950Y910
1X1810Y930_1X1869Y930,1X1810Y930,1X1869Y930
1X1758Y930_1X1810Y930,1X1758Y930,1X1810Y930
1X1758Y850_1X1758Y930,1X1758Y850,1X1758Y930
1X1627Y850_1X1758Y850,1X1627Y850,1X1758Y850
1X1627Y850_1X1627Y825,1X1627Y850,1X1627Y825
1X1627Y802_1X1627Y825,1X1627Y802,1X1627Y825
1X1673Y802_1X1627Y802,1X1673Y802,1X1627Y802
1X1627Y930_1X1627Y850,1X1627Y930,1X1627Y850
1X1617Y825_1X1627Y825,1X1617Y825,1X1627Y825
1X1548Y930_1X1627Y930,1X1548Y930,1X1627Y930
1X1627Y1029_1X1627Y930,1X1627Y1029,1X1627Y930
1X1627Y1029_1X1605Y1029,1X1627Y1029,1X1605Y1029
1X1627Y1060_1X1627Y1029,1X1627Y1060,1X1627Y1029
1X1758Y1060_1X1627Y1060,1X1758Y1060,1X1627Y1060
1X1721Y970_1X1721Y956,1X1721Y970,1X1721Y956
1X1721Y931_1X1721Y956,1X1721Y931,1X1721Y956
1X1721Y956_1X1758Y956,1X1721Y956,1X1758Y956
1X1758Y956_1X1758Y930,1X1758Y956,1X1758Y930
1X1758Y956_1X1758Y1029,1X1758Y956,1X1758Y1029
1X1758Y1120_1X1758Y1060,1X1758Y1120,1X1758Y1060
1X1610Y1120_1X1700Y1120,1X1610Y1120,1X1700Y1120
1X1700Y1158_1X1700Y1120,1X1700Y1158,1X1700Y1120
1X1758Y1120_1X1700Y1120,1X1758Y1120,1X1700Y1120
1X1758Y1120_1X1769Y1146,1X1758Y1120,1X1769Y1146
1X1794Y1146_1X1769Y1146,1X1794Y1146,1X1769Y1146
1X1769Y1280_1X1769Y1146,1X1769Y1280,1X1769Y1146
1X1769Y1280_1X1810Y1280,1X1769Y1280,1X1810Y1280
1X1810Y1280_1X1845Y1280,1X1810Y1280,1X1845Y1280
1X1845Y1250_1X1845Y1280,1X1845Y1250,1X1845Y1280
1X1845Y1280_1X1965Y1280,1X1845Y1280,1X1965Y1280
1X1965Y1280_1X1965Y1239,1X1965Y1280,1X1965Y1239
1X1947Y1239_1X1965Y1239,1X1947Y1239,1X1965Y1239
1X2026Y1239_1X2026Y976,1X2026Y1239,1X2026Y976
1X1965Y1239_1X2026Y1239,1X1965Y1239,1X2026Y1239
1X2066Y1239_1X2026Y1239,1X2066Y1239,1X2026Y1239
1X1769Y1280_1X1748Y1280,1X1769Y1280,1X1748Y1280
1X1748Y1280_1X1748Y1321,1X1748Y1280,1X1748Y1321
1X1700Y1280_1X1748Y1280,1X1700Y1280,1X1748Y1280
1X1700Y1280_1X1700Y1226,1X1700Y1280,1X1700Y1226
1X1645Y1280_1X1700Y1280,1X1645Y1280,1X1700Y1280
1X1645Y1280_1X1645Y1246,1X1645Y1280,1X1645Y1246
1X1609Y1246_1X1645Y1246,1X1609Y1246,1X1645Y1246
1X2026Y976_1X2026Y910,1X2026Y976,1X2026Y910
1X2026Y976_1X2091Y976,1X2026Y976,1X2091Y976
1X2128Y1300_1X2099Y1357,1X2128Y1300,1X2099Y1357
1X1758Y1029_1X1758Y1060,1X1758Y1029,1X1758Y1060
1X1758Y1029_1X1780Y1029,1X1758Y1029,1X1780Y1029
1X2066Y1239_1X2066Y1282,1X2066Y1239,1X2066Y1282
1X2066Y1282_1X2128Y1300,1X2066Y1282,1X2128Y1300
L2X1745Y1539_L2X1730Y1584,L2X1745Y1539,L2X1730Y1584
L2X1730Y1584_L2X1729Y2089,L2X1730Y1584,L2X1729Y2089
L2X1729Y2089_L2X1680Y2090,L2X1729Y2089,L2X1680Y2090
L2X1680Y2090_L2X1642Y2089,L2X1680Y2090,L2X1642Y2089
L2X1642Y2089_L2X1625Y2089,L2X1642Y2089,L2X1625Y2089
L2X1625Y2089_L2X1578Y2089,L2X1625Y2089,L2X1578Y2089
L2X1578Y2089_L2X1577Y2195,L2X1578Y2089,L2X1577Y2195
L2X1578Y2089_L2X1578Y2031,L2X1578Y2089,L2X1578Y2031
L2X1578Y2031_L2X1550Y2031,L2X1578Y2031,L2X1550Y2031
L2X1550Y2031_L2X1550Y1966,L2X1550Y2031,L2X1550Y1966
L2X1550Y1966_L2X1512Y1966,L2X1550Y1966,L2X1512Y1966
L2X1512Y1966_L2X1512Y1909,L2X1512Y1966,L2X1512Y1909
L2X1512Y1909_L2X1512Y1844,L2X1512Y1909,L2X1512Y1844
L2X1512Y1844_L2X1512Y1811,L2X1512Y1844,L2X1512Y1811
L2X1512Y1811_L2X1512Y1701,L2X1512Y1811,L2X1512Y1701
L2X1512Y1701_L2X1512Y1539,L2X1512Y1701,L2X1512Y1539
1X1751Y1825_1X1722Y1832,1X1751Y1825,1X1722Y1832
1X1751Y1825_1X1750Y2014,1X1751Y1825,1X1750Y2014
1X1722Y1832_1X1705Y1831,1X1722Y1832,1X1705Y1831
1X1707Y1992_1X1707Y2015,1X1707Y1992,1X1707Y2015
1X1707Y2015_1X1708Y2092,1X1707Y2015,1X1708Y2092
1X1708Y2092_1X1707Y2152,1X1708Y2092,1X1707Y2152
1X1707Y2152_1X1707Y2164,1X1707Y2152,1X1707Y2164
1X1707Y2164_1X1673Y2165,1X1707Y2164,1X1673Y2165
1X1707Y2015_1X1671Y2015,1X1707Y2015,1X1671Y2015
1X1707Y2015_1X1750Y2014,1X1707Y2015,1X1750Y2014
1X1749Y2151_1X1707Y2152,1X1749Y2151,1X1707Y2152
1X1749Y2151_1X1749Y2224,1X1749Y2151,1X1749Y2224
1X1749Y2224_1X1689Y2225,1X1749Y2224,1X1689Y2225
1X1708Y2092_1X1605Y2093,1X1708Y2092,1X1605Y2093
1X1605Y2093_1X1648Y2161,1X1605Y2093,1X1648Y2161
1X1648Y2161_1X1566Y2139,1X1648Y2161,1X1566Y2139
1X1566Y2139_1X1493Y2117,1X1566Y2139,1X1493Y2117
1X1705Y1831_1X1600Y1830,1X1705Y1831,1X1600Y1830
1X1600Y1830_1X1601Y1866,1X1600Y1830,1X1601Y1866
1X1601Y1866_1X1600Y1895,1X1601Y1866,1X1600Y1895
1X1600Y1895_1X1602Y1928,1X1600Y1895,1X1602Y1928
1X1602Y1928_1X1647Y1930,1X1602Y1928,1X1647Y1930
1X1600Y1830_1X1270Y1830,1X1600Y1830,1X1270Y1830
1X1270Y1830_1X1262Y1850,1X1270Y1830,1X1262Y1850
1X1262Y1850_1X1256Y1858,1X1262Y1850,1X1256Y1858
1X1256Y1858_1X1227Y1859,1X1256Y1858,1X1227Y1859
1X1256Y1858_1X1255Y1872,1X1256Y1858,1X1255Y1872
1X1255Y1872_1X1284Y1872,1X1255Y1872,1X1284Y1872
1X1284Y1872_1X1284Y1884,1X1284Y1872,1X1284Y1884
2X1690Y2240_2X1692Y2211,2X1690Y2240,2X1692Y2211
2X1692Y2211_2X1726Y2210,2X1692Y2211,2X1726Y2210
2X1692Y2211_2X1580Y2208,2X1692Y2211,2X1580Y2208
2X1692Y2211_2X1692Y2124,2X1692Y2211,2X1692Y2124
2X1580Y2208_2X1580Y2166,2X1580Y2208,2X1580Y2166
2X1726Y2210_2X1724Y2123,2X1726Y2210,2X1724Y2123
2X1580Y2166_2X1580Y2090,2X1580Y2166,2X1580Y2090
2X1580Y2090_2X1628Y2092,2X1580Y2090,2X1628Y2092
2X1628Y2092_2X1684Y2091,2X1628Y2092,2X1684Y2091
2X1628Y2102_2X1628Y2092,2X1628Y2102,2X1628Y2092
2X1692Y2124_2X1724Y2123,2X1692Y2124,2X1724Y2123
2X1692Y2124_2X1684Y2091,2X1692Y2124,2X1684Y2091
2X1724Y2123_2X1728Y2042,2X1724Y2123,2X1728Y2042
2X1684Y2091_2X1685Y2041,2X1684Y2091,2X1685Y2041
2X1685Y2041_2X1728Y2042,2X1685Y2041,2X1728Y2042
2X1728Y2042_2X1726Y1930,2X1728Y2042,2X1726Y1930
2X1726Y1930_2X1686Y1931,2X1726Y1930,2X1686Y1931
2X1686Y1931_2X1630Y1931,2X1686Y1931,2X1630Y1931
2X1630Y1931_2X1578Y1932,2X1630Y1931,2X1578Y1932
2X1578Y1932_2X1580Y2090,2X1578Y1932,2X1580Y2090
2X1578Y1932_2X1578Y1820,2X1578Y1932,2X1578Y1820
2X1578Y1820_2X1630Y1821,2X1578Y1820,2X1630Y1821
2X1630Y1821_2X1630Y1801,2X1630Y1821,2X1630Y1801
2X1630Y1801_2X1684Y1801,2X1630Y1801,2X1684Y1801
2X1684Y1801_2X1683Y1821,2X1684Y1801,2X1683Y1821
2X1683Y1821_2X1630Y1821,2X1683Y1821,2X1630Y1821
2X1684Y1801_2X1720Y1801,2X1684Y1801,2X1720Y1801
2X1720Y1801_2X1726Y1835,2X1720Y1801,2X1726Y1835
2X1683Y1821_2X1726Y1835,2X1683Y1821,2X1726Y1835
2X1726Y1835_2X1726Y1930,2X1726Y1835,2X1726Y1930
2X1720Y1801_2X1720Y1745,2X1720Y1801,2X1720Y1745
2X1578Y1820_2X1502Y1820,2X1578Y1820,2X1502Y1820
2X1502Y1820_2X1450Y1820,2X1502Y1820,2X1450Y1820
2X1450Y1820_2X1395Y1820,2X1450Y1820,2X1395Y1820
2X1450Y1781_2X1396Y1781,2X1450Y1781,2X1396Y1781
2X1396Y1781_2X1341Y1778,2X1396Y1781,2X1341Y1778
2X1340Y1820_2X1341Y1778,2X1340Y1820,2X1341Y1778
2X1340Y1820_2X1284Y1821,2X1340Y1820,2X1284Y1821
2X1283Y1781_2X1231Y1781,2X1283Y1781,2X1231Y1781
2X1230Y1820_2X1284Y1821,2X1230Y1820,2X1284Y1821
2X1168Y1820_2X1170Y1780,2X1168Y1820,2X1170Y1780
3X1562Y2230_3X1580Y2230,3X1562Y2230,3X1580Y2230
3X1580Y2180_3X1580Y2142,3X1580Y2180,3X1580Y2142
3X1628Y2142_3X1685Y2142,3X1628Y2142,3X1685Y2142
3X1685Y2142_3X1685Y2106,3X1685Y2142,3X1685Y2106
3X1580Y2142_3X1580Y2070,3X1580Y2142,3X1580Y2070
3X1628Y2070_3X1628Y2052,3X1628Y2070,3X1628Y2052
3X1580Y2006_3X1580Y1904,3X1580Y2006,3X1580Y1904
3X1580Y1904_3X1580Y1858,3X1580Y1904,3X1580Y1858
L1X1702Y2167_L1X1688Y2167,L1X1702Y2167,L1X1688Y2167
L1X1688Y2167_L1X1688Y2131,L1X1688Y2167,L1X1688Y2131
L1X1688Y2131_L1X1665Y2116,L1X1688Y2131,L1X1665Y2116
3X1685Y2052_2X1686Y1931,3X1685Y2052,2X1686Y1931
L1X1720Y2131_1X1750Y2014,L1X1720Y2131,1X1750Y2014
2X1875Y925_2X1955Y900,2X1875Y925,2X1955Y900
2X1955Y900_2X2035Y900,2X1955Y900,2X2035Y900
2X2035Y900_2X2085Y900,2X2035Y900,2X2085Y900
2X1875Y1025_2X1825Y1025,2X1875Y1025,2X1825Y1025
2X1615Y1025_2X1605Y1008,2X1615Y1025,2X1605Y1008
2X1825Y1025_2X1775Y1080,2X1825Y1025,2X1775Y1080
2X1740Y1165_2X1695Y1165,2X1740Y1165,2X1695Y1165
2X1740Y1230_2X1790Y1230,2X1740Y1230,2X1790Y1230
2X1740Y1280_2X1740Y1500,2X1740Y1280,2X1740Y1500
2X1825Y1280_2X2055Y1280,2X1825Y1280,2X2055Y1280
2X2055Y1280_2X2085Y1280,2X2055Y1280,2X2085Y1280
3X1815Y1290_3X1680Y1290,3X1815Y1290,3X1680Y1290
3X1680Y1290_3X1325Y1290,3X1680Y1290,3X1325Y1290
3X1325Y985_3X1235Y985,3X1325Y985,3X1235Y985
3X1325Y985_3X1325Y655,3X1325Y985,3X1325Y655
3X1735Y925_3X1735Y900,3X1735Y925,3X1735Y900
3X1735Y900_3X1735Y865,3X1735Y900,3X1735Y865
3X1735Y865_3X1735Y820,3X1735Y865,3X1735Y820
3X1785Y820_3X1785Y830,3X1785Y820,3X1785Y830
3X1690Y820_3X1690Y830,3X1690Y820,3X1690Y830
3X1600Y820_3X1600Y1030,3X1600Y820,3X1600Y1030
3X1735Y1030_3X1735Y985,3X1735Y1030,3X1735Y985
3X1735Y985_3X1735Y925,3X1735Y985,3X1735Y925
3X2080Y1290_3X2255Y1290,3X2080Y1290,3X2255Y1290
3X2323Y1290_3X2448Y1290,3X2323Y1290,3X2448Y1290
3X2570Y1290_3X2730Y1290,3X2570Y1290,3X2730Y1290
3X2772Y1290_3X2772Y1227,3X2772Y1290,3X2772Y1227
3X2772Y1147_3X2772Y1075,3X2772Y1147,3X2772Y1075
3X2772Y1075_3X2922Y1075,3X2772Y1075,3X2922Y1075
3X2220Y1034_3X2220Y944,3X2220Y1034,3X2220Y944
3X2323Y993_3X2323Y851,3X2323Y993,3X2323Y851
3X2323Y851_3X2362Y851,3X2323Y851,3X2362Y851
3X2492Y851_3X2597Y851,3X2492Y851,3X2597Y851
3X2570Y1290_3X2570Y1257,3X2570Y1290,3X2570Y1257
3X2323Y1034_3X2300Y1018,3X2323Y1034,3X2300Y1018
3X2323Y1290_3X2323Y1328,3X2323Y1290,3X2323Y1328
3X2730Y1290_3X2730Y1315,3X2730Y1290,3X2730Y1315
3X2772Y1075_3X2868Y1075,3X2772Y1075,3X2868Y1075
3X2362Y764_3X2400Y764,3X2362Y764,3X2400Y764
3X2597Y851_3X2631Y851,3X2597Y851,3X2631Y851
3X2220Y1034_3X2220Y985,3X2220Y1034,3X2220Y985
3X2365Y800_3X2362Y851,3X2365Y800,3X2362Y851
1X3265Y830_2X3235Y880,1X3265Y830,2X3235Y880
1X2935Y900_2X2945Y870,1X2935Y900,2X2945Y870
L1X2715Y1070_2X2725Y1065,L1X2715Y1070,2X2725Y1065
1X2735Y1070_2X2725Y1065,1X2735Y1070,2X2725Y1065
2X2725Y1065_3X2715Y1075,2X2725Y1065,3X2715Y1075
L2X2360Y804_1X2385Y810,L2X2360Y804,1X2385Y810
L2X2360Y804_3X2365Y800,L2X2360Y804,3X2365Y800
L1X2360Y799_2X2385Y800,L1X2360Y799,2X2385Y800
1X2385Y810_2X2385Y800,1X2385Y810,2X2385Y800
2X2385Y800_3X2365Y800,2X2385Y800,3X2365Y800
L2X2215Y974_1X2240Y985,L2X2215Y974,1X2240Y985
L2X2215Y974_3X2220Y985,L2X2215Y974,3X2220Y985
L1X2220Y974_2X2240Y965,L1X2220Y974,2X2240Y965
1X2240Y985_2X2240Y965,1X2240Y985,2X2240Y965
2X2240Y965_3X2220Y985,2X2240Y965,3X2220Y985
L2X1785Y924_1X1810Y930,L2X1785Y924,1X1810Y930
L2X1785Y924_3X1790Y925,L2X1785Y924,3X1790Y925
L1X1785Y924_2X1805Y925,L1X1785Y924,2X1805Y925
1X1810Y930_2X1805Y925,1X1810Y930,2X1805Y925
2X1805Y925_3X1790Y925,2X1805Y925,3X1790Y925
L2X1820Y1280_1X1810Y1280,L2X1820Y1280,1X1810Y1280
L2X1820Y1280_3X1815Y1290,L2X1820Y1280,3X1815Y1290
L1X1820Y1284_2X1825Y1280,L1X1820Y1284,2X1825Y1280
1X1810Y1280_2X1825Y1280,1X1810Y1280,2X1825Y1280
2X1825Y1280_3X1815Y1290,2X1825Y1280,3X1815Y1290
1X2160Y910_1X2175Y910,1X2160Y910,1X2175Y910
2X3345Y865_2X3360Y860,2X3345Y865,2X3360Y860
2X2085Y1280_2X2105Y1280,2X2085Y1280,2X2105Y1280
2X1690Y2240_2X1690Y2455,2X1690Y2240,2X1690Y2455
1X1647Y1930_3X1628Y1904,1X1647Y1930,3X1628Y1904
L2X1625Y2089_L1X1637Y2116,L2X1625Y2089,L1X1637Y2116
2X1502Y1820_2X1502Y1781,2X1502Y1820,2X1502Y1781
2X1502Y1781_2X1450Y1781,2X1502Y1781,2X1450Y1781
2X1450Y1820_2X1450Y1781,2X1450Y1820,2X1450Y1781
2X1396Y1781_2X1395Y1820,2X1396Y1781,2X1395Y1820
2X1395Y1820_2X1340Y1820,2X1395Y1820,2X1340Y1820
2X1341Y1778_2X1283Y1781,2X1341Y1778,2X1283Y1781
2X1284Y1821_2X1283Y1781,2X1284Y1821,2X1283Y1781
2X1231Y1781_2X1230Y1820,2X1231Y1781,2X1230Y1820
2X1230Y1820_2X1168Y1820,2X1230Y1820,2X1168Y1820
2X1170Y1780_2X1231Y1781,2X1170Y1780,2X1231Y1781
3X1580Y2230_3X1580Y2180,3X1580Y2230,3X1580Y2180
3X1580Y2142_3X1628Y2142,3X1580Y2142,3X1628Y2142
3X1685Y2142_3X1685Y2230,3X1685Y2142,3X1685Y2230
3X1685Y2106_3X1685Y2052,3X1685Y2106,3X1685Y2052
3X1580Y2070_3X1628Y2070,3X1580Y2070,3X1628Y2070
3X1580Y2070_3X1580Y2006,3X1580Y2070,3X1580Y2006
3X1580Y1904_3X1628Y1904,3X1580Y1904,3X1628Y1904
L1X1702Y2260_L1X1702Y2167,L1X1702Y2260,L1X1702Y2167
L1X1688Y2167_L1X1666Y2167,L1X1688Y2167,L1X1666Y2167
L1X1688Y2131_L1X1720Y2131,L1X1688Y2131,L1X1720Y2131
L1X1665Y2116_L1X1637Y2116,L1X1665Y2116,L1X1637Y2116
2X1685Y2041_1X1707Y1992,2X1685Y2041,1X1707Y1992
2X1805Y925_2X1875Y925,2X1805Y925,2X1875Y925
2X1955Y900_2X1935Y860,2X1955Y900,2X1935Y860
2X2035Y900_2X2060Y880,2X2035Y900,2X2060Y880
2X1875Y925_2X1875Y1025,2X1875Y925,2X1875Y1025
2X1825Y1025_2X1615Y1025,2X1825Y1025,2X1615Y1025
2X1825Y1025_2X1825Y1080,2X1825Y1025,2X1825Y1080
2X1775Y1080_2X1740Y1165,2X1775Y1080,2X1740Y1165
2X1740Y1165_2X1740Y1230,2X1740Y1165,2X1740Y1230
2X1740Y1230_2X1740Y1280,2X1740Y1230,2X1740Y1280
2X1740Y1280_2X1825Y1280,2X1740Y1280,2X1825Y1280
2X2055Y1280_2X2055Y1330,2X2055Y1280,2X2055Y1330
3X2060Y1290_3X1815Y1290,3X2060Y1290,3X1815Y1290
3X1680Y1290_3X1680Y1275,3X1680Y1290,3X1680Y1275
3X1325Y1290_3X1325Y985,3X1325Y1290,3X1325Y985
3X1235Y985_3X1235Y865,3X1235Y985,3X1235Y865
3X1790Y925_3X1735Y925,3X1790Y925,3X1735Y925
3X1735Y900_3X1725Y900,3X1735Y900,3X1725Y900
3X1735Y865_3X1750Y865,3X1735Y865,3X1750Y865
3X1735Y820_3X1785Y820,3X1735Y820,3X1785Y820
3X1735Y820_3X1690Y820,3X1735Y820,3X1690Y820
3X1690Y820_3X1600Y820,3X1690Y820,3X1600Y820
3X1600Y1030_3X1735Y1030,3X1600Y1030,3X1735Y1030
3X1735Y985_3X1750Y985,3X1735Y985,3X1750Y985
2X2060Y880_1X2026Y892,2X2060Y880,1X2026Y892
3X2255Y1290_3X2323Y1290,3X2255Y1290,3X2323Y1290
3X2448Y1290_3X2570Y1290,3X2448Y1290,3X2570Y1290
3X2730Y1290_3X2772Y1290,3X2730Y1290,3X2772Y1290
3X2772Y1227_3X2772Y1147,3X2772Y1227,3X2772Y1147
3X2772Y1075_3X2649Y1075,3X2772Y1075,3X2649Y1075
3X2323Y1034_3X2220Y1034,3X2323Y1034,3X2220Y1034
3X2323Y1034_3X2323Y993,3X2323Y1034,3X2323Y993
3X2323Y851_3X2252Y851,3X2323Y851,3X2252Y851
3X2362Y851_3X2492Y851,3X2362Y851,3X2492Y851
3X2255Y1290_3X2255Y1255,3X2255Y1290,3X2255Y1255
3X2772Y1147_3X2745Y1147,3X2772Y1147,3X2745Y1147
3X2323Y993_3X2277Y995,3X2323Y993,3X2277Y995
3X2448Y1290_3X2448Y1328,3X2448Y1290,3X2448Y1328
3X2772Y1227_3X2738Y1227,3X2772Y1227,3X2738Y1227
3X2362Y764_3X2333Y764,3X2362Y764,3X2333Y764
3X2492Y851_3X2492Y887,3X2492Y851,3X2492Y887
3X2772Y1075_3X2715Y1075,3X2772Y1075,3X2715Y1075
3X2323Y1034_3X2323Y1290,3X2323Y1034,3X2323Y1290
3X2365Y800_3X2362Y764,3X2365Y800,3X2362Y764
1X3050Y980_2X3075Y960,1X3050Y980,2X3075Y960
L1X2715Y1070_1X2735Y1070,L1X2715Y1070,1X2735Y1070
L1X2715Y1070_3X2715Y1075,L1X2715Y1070,3X2715Y1075
1X2735Y1070_3X2715Y1075,1X2735Y1070,3X2715Y1075
L2X2360Y804_L1X2360Y799,L2X2360Y804,L1X2360Y799
L2X2360Y804_2X2385Y800,L2X2360Y804,2X2385Y800
L1X2360Y799_1X2385Y810,L1X2360Y799,1X2385Y810
L1X2360Y799_3X2365Y800,L1X2360Y799,3X2365Y800
1X2385Y810_3X2365Y800,1X2385Y810,3X2365Y800
L2X2215Y974_L1X2220Y974,L2X2215Y974,L1X2220Y974
L2X2215Y974_2X2240Y965,L2X2215Y974,2X2240Y965
L1X2220Y974_1X2240Y985,L1X2220Y974,1X2240Y985
L1X2220Y974_3X2220Y985,L1X2220Y974,3X2220Y985
1X2240Y985_3X2220Y985,1X2240Y985,3X2220Y985
L2X1785Y924_L1X1785Y924,L2X1785Y924,L1X1785Y924
L2X1785Y924_2X1805Y925,L2X1785Y924,2X1805Y925
L1X1785Y924_1X1810Y930,L1X1785Y924,1X1810Y930
L1X1785Y924_3X1790Y925,L1X1785Y924,3X1790Y925
1X1810Y930_3X1790Y925,1X1810Y930,3X1790Y925
L2X1820Y1280_L1X1820Y1284,L2X1820Y1280,L1X1820Y1284
L2X1820Y1280_2X1825Y1280,L2X1820Y1280,2X1825Y1280
L1X1820Y1284_1X1810Y1280,L1X1820Y1284,1X1810Y1280
L1X1820Y1284_3X1815Y1290,L1X1820Y1284,3X1815Y1290
1X1810Y1280_3X1815Y1290,1X1810Y1280,3X1815Y1290
L2X1745Y1524_L2X1745Y1539,L2X1745Y1524,L2X1745Y1539
3X2060Y1290_3X2080Y1290,3X2060Y1290,3X2080Y1290
2X2085Y900_2X2105Y900,2X2085Y900,2X2105Y900
2X1740Y1500_2X1720Y1745,2X1740Y1500,2X1720Y1745
1X1647Y1930_2X1630Y1931,1X1647Y1930,2X1630Y1931
2X1630Y1931_3X1628Y1904,2X1630Y1931,3X1628Y1904
